# North_Sea	P08867,P08869,P08870,P08871,P08878,P08899,P08901,P08902,P08903,P08905,P08907,P08909,P08912,P08913,P08915,P08916,P08918,P08919,P08920,P08921,P08922,P08923,P08924,P08925,P08927,P08928,P08930,P08931,P08932,P08933,P08935,P08936,P08949,P08950,P08951,P08952,P08953,P08960,P08963,P08964,P08965,P08967,P08968,P08969,P08971,P08972,P08973,P08974,P08975,P08980,P08981,P2397507
# Skagerrak	P08780,P08955,P08956,P08957,P08958,SR10,SR11,SR12,SR14,SR15,SR16,SR17,SR18,SR19,SR20,SR22,SR23,SR3,SR4,SR5,SR8,SR9
# Kattegat	P08713
# Aquarium	P2397621,P2397622,P2397623,P2397624,P2397625,P2397626,P2397627,P2397628,P2397629,P2397630,P2397631,P2397632,P2397633,P2397634,P2397635,P2397636,P2397637,P2397638
# Locus ID	Chr	BP	Pop ID	N	Haplotype Cnt	Gene Diversity	Smoothed Gene Diversity	Smoothed Gene Diversity P-value	Haplotype Diversity	Smoothed Haplotype Diversity	Smoothed Haplotype Diversity P-value	HWE P-value	HWE P-value SE	Haplotypes
3	NC_045956.1	6996906	Skagerrak	24	1	0.00000	0.00000	0.00000	0.00000	0.00000	0.00000	0.00000	0.00000	TA:24
3	NC_045956.1	6996906	Aquarium	22	1	0.00000	0.00000	0.00000	0.00000	0.00000	0.00000	0.00000	0.00000	TA:22
4	NC_045956.1	11457196	Skagerrak	26	2	0.14769	0.00000	0.00000	0.59077	0.00000	0.00000	0.03947	0.00073	ATGC:2;GGAA:24
4	NC_045956.1	11457196	Aquarium	24	1	0.00000	0.00000	0.00000	0.00000	0.00000	0.00000	0.00000	0.00000	GGAA:24
8	NC_045956.1	17483015	North_Sea	76	4	0.38000	0.00000	0.00000	0.56912	0.00000	0.00000	0.00000	0.00000	ACAAGA:59;ACATAA:1;ACATGA:8;ACTTGA:8
8	NC_045956.1	17483015	Skagerrak	40	2	0.18462	0.00000	0.00000	0.73846	0.00000	0.00000	0.00201	0.00018	ACAAGA:36;GTATGG:4
8	NC_045956.1	17483015	Kattegat	2	1	0.00000	0.00000	0.00000	0.00000	0.00000	0.00000	0.00000	0.00000	ACAAGA:2
8	NC_045956.1	17483015	Aquarium	28	1	0.00000	0.00000	0.00000	0.00000	0.00000	0.00000	0.00000	0.00000	ACAAGA:28
30	NC_045956.1	49130841	Skagerrak	34	5	0.55437	0.00000	0.00000	5.14617	0.00000	0.00000	0.00000	0.00000	CAAACGACAGTCAGTCCCTG:6;CATATTGCCATTTCGCATTG:2;CATATTGTCAGCTCGTATCA:3;CATATTGTCAGCTCGTATTA:22;CGTATTGTCAGCTCGTATTG:1
30	NC_045956.1	49130841	Kattegat	2	1	0.00000	0.00000	0.00000	0.00000	0.00000	0.00000	0.00000	0.00000	CATATTGTCAGCTCGTATTA:2
30	NC_045956.1	49130841	Aquarium	30	4	0.57931	0.00000	0.00000	1.32414	0.00000	0.00000	0.00089	0.00038	CATATTGTCAGCTCGTATCA:2;CATATTGTCAGCTCGTATTA:18;CATCTTGCCAGCTCGCATTA:2;CGTATTGTCAGCTCGTATTG:8
61	NC_045956.1	78277035	Skagerrak	14	3	0.61538	0.00000	0.00000	0.96703	0.00000	0.00000	0.03049	0.00143	GACTGCAA:8;GACTGCAG:2;GGCTGCAG:4
61	NC_045956.1	78277035	Kattegat	2	1	0.00000	0.00000	0.00000	0.00000	0.00000	0.00000	0.00000	0.00000	GGCTGCAG:2
61	NC_045956.1	78277035	Aquarium	16	6	0.54167	0.00000	0.00000	0.85833	0.00000	0.00000	0.58522	0.01921	AGCTGCAG:1;GACTGCAA:1;GGCTGCAA:1;GGCTGCAG:11;GGCTGCGG:1;GGGCGCAG:1
69	NC_045956.1	83707414	Kattegat	2	1	0.00000	0.00000	0.00000	0.00000	0.00000	0.00000	0.00000	0.00000	CAA:2
69	NC_045956.1	83707414	Aquarium	14	3	0.27473	0.00000	0.00000	0.40659	0.00000	0.00000	0.07556	0.00192	CAA:12;CAC:1;TAC:1
71	NC_045956.1	85180118	Skagerrak	20	2	0.18947	0.00000	0.00000	0.18947	0.00000	0.00000	0.05209	0.00089	A:18;G:2
71	NC_045956.1	85180118	Aquarium	28	1	0.00000	0.00000	0.00000	0.00000	0.00000	0.00000	0.00000	0.00000	A:28
79	NC_045956.1	95256501	North_Sea	48	6	0.45567	0.00000	0.00000	1.40514	0.00000	0.00000	0.00000	0.00000	ACCGGCACGGC:6;ACCGGCACGGT:2;GCCGGCAGTGC:1;GCCGGCGGTAC:1;GCCGGCGGTGC:35;GCTGGCGGTGC:3
79	NC_045956.1	95256501	Skagerrak	32	2	0.22581	0.00000	0.00000	1.35484	0.00000	0.00000	0.00346	0.00022	GACACTACTGC:4;GCCGGCGGTGC:28
79	NC_045956.1	95256501	Kattegat	2	1	0.00000	0.00000	0.00000	0.00000	0.00000	0.00000	0.00000	0.00000	GCCGGCGGTGC:2
79	NC_045956.1	95256501	Aquarium	30	1	0.00000	0.00000	0.00000	0.00000	0.00000	0.00000	0.00000	0.00000	GCCGGCGGTGC:30
85	NC_045956.1	106824768	Kattegat	2	1	0.00000	0.00000	0.00000	0.00000	0.00000	0.00000	0.00000	0.00000	GGCTA:2
100	NC_045956.1	127726675	North_Sea	66	4	0.47179	0.00000	0.00000	0.54825	0.00000	0.00000	0.00000	0.00000	CAACAG:4;GAAACG:2;GAACAG:46;GAACCG:14
100	NC_045956.1	127726675	Skagerrak	36	3	0.53175	0.00000	0.00000	0.99524	0.00000	0.00000	0.00224	0.00028	GAACAG:23;GAACCG:9;GGGCAC:4
100	NC_045956.1	127726675	Kattegat	2	1	0.00000	0.00000	0.00000	0.00000	0.00000	0.00000	0.00000	0.00000	GAACAG:2
100	NC_045956.1	127726675	Aquarium	30	1	0.00000	0.00000	0.00000	0.00000	0.00000	0.00000	0.00000	0.00000	GAACAG:30
108	NC_045956.1	136357848	North_Sea	48	4	0.42199	0.00000	0.00000	1.96809	0.00000	0.00000	0.00000	0.00000	AGTTTGGG:2;ATTTCGGG:36;GTCATCGT:4;GTTATCGT:6
108	NC_045956.1	136357848	Skagerrak	22	2	0.31169	0.00000	0.00000	0.62338	0.00000	0.00000	0.00765	0.00033	AGTTTGGG:4;ATTTCGGG:18
108	NC_045956.1	136357848	Kattegat	2	1	0.00000	0.00000	0.00000	0.00000	0.00000	0.00000	0.00000	0.00000	ATTTCGGG:2
108	NC_045956.1	136357848	Aquarium	32	2	0.06250	0.00000	0.00000	0.06250	0.00000	0.00000	1.00000	0.00000	ATTTCGAG:1;ATTTCGGG:31
110	NC_045956.1	137361358	Aquarium	26	1	0.00000	0.00000	0.00000	0.00000	0.00000	0.00000	0.00000	0.00000	GACC:26
115	NC_045956.1	139441457	Skagerrak	24	1	0.00000	0.00000	0.00000	0.00000	0.00000	0.00000	0.00000	0.00000	ATGG:24
115	NC_045956.1	139441457	Aquarium	18	1	0.00000	0.00000	0.00000	0.00000	0.00000	0.00000	0.00000	0.00000	ATGG:18
127	NC_045956.1	149555626	Kattegat	2	1	0.00000	0.00000	0.00000	0.00000	0.00000	0.00000	0.00000	0.00000	TA:2
127	NC_045956.1	149555626	Aquarium	18	1	0.00000	0.00000	0.00000	0.00000	0.00000	0.00000	0.00000	0.00000	TA:18
163	NC_045957.1	5996516	Skagerrak	24	1	0.00000	0.00000	0.00000	0.00000	0.00000	0.00000	0.00000	0.00000	GAGG:24
163	NC_045957.1	5996516	Kattegat	2	1	0.00000	0.00000	0.00000	0.00000	0.00000	0.00000	0.00000	0.00000	GAGG:2
163	NC_045957.1	5996516	Aquarium	26	2	0.21231	0.00000	0.00000	0.21231	0.00000	0.00000	0.11826	0.00110	GACG:3;GAGG:23
171	NC_045957.1	17519518	North_Sea	42	2	0.25087	0.00000	0.00000	1.25436	0.00000	0.00000	0.00023	0.00005	AGTGA:6;GAACG:36
171	NC_045957.1	17519518	Skagerrak	28	1	0.00000	0.00000	0.00000	0.00000	0.00000	0.00000	0.00000	0.00000	GAACG:28
171	NC_045957.1	17519518	Kattegat	2	1	0.00000	0.00000	0.00000	0.00000	0.00000	0.00000	0.00000	0.00000	GAACG:2
171	NC_045957.1	17519518	Aquarium	20	1	0.00000	0.00000	0.00000	0.00000	0.00000	0.00000	0.00000	0.00000	GAACG:20
181	NC_045957.1	27801950	Skagerrak	30	1	0.00000	0.00000	0.00000	0.00000	0.00000	0.00000	0.00000	0.00000	:30
181	NC_045957.1	27801950	Kattegat	2	1	0.00000	0.00000	0.00000	0.00000	0.00000	0.00000	0.00000	0.00000	:2
181	NC_045957.1	27801950	Aquarium	26	1	0.00000	0.00000	0.00000	0.00000	0.00000	0.00000	0.00000	0.00000	:26
189	NC_045957.1	32309042	Skagerrak	30	2	0.37011	0.00000	0.00000	0.37011	0.00000	0.00000	0.00000	0.00000	AGTC:23;GGTC:7
189	NC_045957.1	32309042	Kattegat	2	2	1.00000	0.00000	0.00000	1.00000	0.00000	0.00000	1.00000	0.00000	AGTC:1;GGTC:1
189	NC_045957.1	32309042	Aquarium	22	2	0.31169	0.00000	0.00000	0.31169	0.00000	0.00000	0.27748	0.00159	AGTC:18;GGTC:4
208	NC_045957.1	65989341	Kattegat	2	1	0.00000	0.00000	0.00000	0.00000	0.00000	0.00000	0.00000	0.00000	CGCCC:2
208	NC_045957.1	65989341	Aquarium	20	2	0.50526	0.00000	0.00000	1.01053	0.00000	0.00000	0.08251	0.00135	CGCCC:12;CTTCC:8
221	NC_045957.1	84377669	Aquarium	16	1	0.00000	0.00000	0.00000	0.00000	0.00000	0.00000	0.00000	0.00000	CTT:16
228	NC_045957.1	93921982	Skagerrak	20	4	0.43684	0.00000	0.00000	0.47895	0.00000	0.00000	0.00252	0.00058	ACC:2;TAC:2;TCC:15;TCT:1
228	NC_045957.1	93921982	Kattegat	2	1	0.00000	0.00000	0.00000	0.00000	0.00000	0.00000	0.00000	0.00000	TCC:2
228	NC_045957.1	93921982	Aquarium	24	2	0.28986	0.00000	0.00000	0.28986	0.00000	0.00000	0.00622	0.00035	TCC:20;TCT:4
232	NC_045957.1	101111297	Kattegat	2	1	0.00000	0.00000	0.00000	0.00000	0.00000	0.00000	0.00000	0.00000	GA:2
239	NC_045957.1	120507243	North_Sea	44	6	0.58351	0.00000	0.00000	0.83404	0.00000	0.00000	0.00000	0.00000	CAGCTACCCT:4;CAGCTGCCCT:2;CCACTGCCCT:9;CCGCCGCCCT:1;CCGCTGCCCT:27;CCGTTGCCCT:1
239	NC_045957.1	120507243	Kattegat	2	1	0.00000	0.00000	0.00000	0.00000	0.00000	0.00000	0.00000	0.00000	CCACTGCCCT:2
278	NC_045958.1	17954811	Aquarium	16	1	0.00000	0.00000	0.00000	0.00000	0.00000	0.00000	0.00000	0.00000	AGAGCC:16
292	NC_045958.1	32956253	Skagerrak	22	4	0.65801	0.00000	0.00000	2.04329	0.00000	0.00000	0.00000	0.00000	ACCAGTACA:4;AGCAAGGTC:4;AGCAGGGTC:12;TGCAGGGTC:2
292	NC_045958.1	32956253	Kattegat	2	1	0.00000	0.00000	0.00000	0.00000	0.00000	0.00000	0.00000	0.00000	AGCAAGGTC:2
292	NC_045958.1	32956253	Aquarium	18	4	0.68627	0.00000	0.00000	2.11765	0.00000	0.00000	0.01202	0.00111	ACCAGGACA:5;AGCAAGGTC:2;AGCAGGGTC:9;AGCGGGGTC:2
318	NC_045958.1	69447128	Kattegat	2	1	0.00000	0.00000	0.00000	0.00000	0.00000	0.00000	0.00000	0.00000	AG:2
325	NC_045958.1	74220214	Skagerrak	26	3	0.49538	0.00000	0.00000	0.52000	0.00000	0.00000	0.00033	0.00015	AGCCAGGC:17;AGTCAGGC:1;CGCCAGGC:8
325	NC_045958.1	74220214	Kattegat	2	1	0.00000	0.00000	0.00000	0.00000	0.00000	0.00000	0.00000	0.00000	AGCCAGGC:2
325	NC_045958.1	74220214	Aquarium	22	1	0.00000	0.00000	0.00000	0.00000	0.00000	0.00000	0.00000	0.00000	AGCCAGGC:22
329	NC_045958.1	77473519	Skagerrak	30	3	0.24828	0.00000	0.00000	0.86437	0.00000	0.00000	0.00421	0.00069	ACCAACG:26;ACCAGCA:2;GATAGCA:2
329	NC_045958.1	77473519	Kattegat	2	1	0.00000	0.00000	0.00000	0.00000	0.00000	0.00000	0.00000	0.00000	ACCAACG:2
329	NC_045958.1	77473519	Aquarium	30	2	0.12874	0.00000	0.00000	0.25747	0.00000	0.00000	0.03537	0.00071	ACCAACG:28;ACCAGCA:2
334	NC_045958.1	86125792	Skagerrak	26	3	0.59385	0.00000	0.00000	0.77846	0.00000	0.00000	0.00011	0.00006	AAT:4;ACG:15;ACT:7
334	NC_045958.1	86125792	Aquarium	24	2	0.43116	0.00000	0.00000	0.43116	0.00000	0.00000	0.01241	0.00048	ACG:17;ACT:7
343	NC_045958.1	93202152	North_Sea	88	10	0.62409	0.00000	0.00000	0.80930	0.00000	0.00000	0.00000	0.00000	AGGGCAGCCGGGTCA:1;GAGGCAGCCGGGCCA:2;GGGACAGCCGGGCCA:4;GGGGCAGCCGAACCA:1;GGGGCAGCCGGGCCA:48;GGGGCAGCCGGGCCT:2;GGGGCAGCCGGGTCA:3;GGGGCAGCCTGGCCA:25;GGGGCAGCTTGGCCA:1;GGGGCAGTCTGGCCA:1
343	NC_045958.1	93202152	Skagerrak	42	4	0.66086	0.00000	0.00000	1.81765	0.00000	0.00000	0.00000	0.00000	GGGATGCCCGGGCGA:6;GGGGCAGCCGGGCCA:19;GGGGCAGCCGGGTCA:2;GGGGCAGCCTGGCCA:15
343	NC_045958.1	93202152	Kattegat	2	1	0.00000	0.00000	0.00000	0.00000	0.00000	0.00000	0.00000	0.00000	GGGGCAGCCTGGCCA:2
343	NC_045958.1	93202152	Aquarium	34	4	0.56506	0.00000	0.00000	0.64349	0.00000	0.00000	0.02867	0.00187	GAGGCAGCCGGGCCA:4;GGAGCAGCCGGGCCA:1;GGGGCAGCCGGGCCA:21;GGGGCAGCCTGGCCA:8
347	NC_045958.1	94994120	Kattegat	2	1	0.00000	0.00000	0.00000	0.00000	0.00000	0.00000	0.00000	0.00000	CAAGCTCA:2
351	NC_045958.1	99860432	Kattegat	2	1	0.00000	0.00000	0.00000	0.00000	0.00000	0.00000	0.00000	0.00000	CACTCAAGGGGGG:2
351	NC_045958.1	99860432	Aquarium	14	4	0.64835	0.00000	0.00000	3.10989	0.00000	0.00000	0.00292	0.00044	CAATTAAGGGGGG:1;CACATAAGGGGGG:2;CACATATGGGGGG:3;TACTCAATAGGGG:8
379	NC_045959.1	11702144	Skagerrak	18	3	0.54248	0.00000	0.00000	0.72549	0.00000	0.00000	0.00420	0.00039	GATGT:1;GGAGC:11;GGAGT:6
379	NC_045959.1	11702144	Kattegat	2	1	0.00000	0.00000	0.00000	0.00000	0.00000	0.00000	0.00000	0.00000	GGAGT:2
379	NC_045959.1	11702144	Aquarium	24	3	0.16304	0.00000	0.00000	0.24275	0.00000	0.00000	0.00000	0.00000	GGAGC:22;GGAGT:1;TGAGT:1
382	NC_045959.1	22466226	Aquarium	16	1	0.00000	0.00000	0.00000	0.00000	0.00000	0.00000	0.00000	0.00000	G:16
394	NC_045959.1	41359071	Skagerrak	30	3	0.60460	0.00000	0.00000	0.83908	0.00000	0.00000	0.01744	0.00087	ATGA:6;GTAA:17;GTGA:7
394	NC_045959.1	41359071	Kattegat	2	2	1.00000	0.00000	0.00000	2.00000	0.00000	0.00000	1.00000	0.00000	ATGA:1;GTAA:1
394	NC_045959.1	41359071	Aquarium	28	3	0.48942	0.00000	0.00000	0.84127	0.00000	0.00000	0.00007	0.00004	ATGA:7;GTAA:19;GTGA:2
404	NC_045959.1	52628613	North_Sea	40	2	0.18462	0.00000	0.00000	0.18462	0.00000	0.00000	0.00176	0.00018	C:36;T:4
404	NC_045959.1	52628613	Skagerrak	20	2	0.39474	0.00000	0.00000	0.39474	0.00000	0.00000	0.04555	0.00085	C:15;T:5
404	NC_045959.1	52628613	Kattegat	2	1	0.00000	0.00000	0.00000	0.00000	0.00000	0.00000	0.00000	0.00000	C:2
404	NC_045959.1	52628613	Aquarium	22	1	0.00000	0.00000	0.00000	0.00000	0.00000	0.00000	0.00000	0.00000	C:22
424	NC_045959.1	78461339	Kattegat	2	1	0.00000	0.00000	0.00000	0.00000	0.00000	0.00000	0.00000	0.00000	CCGGG:2
438	NC_045959.1	88258526	Skagerrak	22	1	0.00000	0.00000	0.00000	0.00000	0.00000	0.00000	0.00000	0.00000	C:22
438	NC_045959.1	88258526	Aquarium	24	1	0.00000	0.00000	0.00000	0.00000	0.00000	0.00000	0.00000	0.00000	C:24
475	NC_045960.1	3540457	Kattegat	2	1	0.00000	0.00000	0.00000	0.00000	0.00000	0.00000	0.00000	0.00000	TCGAGG:2
484	NC_045960.1	8071372	Skagerrak	26	3	0.33538	0.00000	0.00000	0.72308	0.00000	0.00000	0.00000	0.00000	ACA:21;TAG:1;TCG:4
484	NC_045960.1	8071372	Kattegat	2	1	0.00000	0.00000	0.00000	0.00000	0.00000	0.00000	0.00000	0.00000	ACA:2
484	NC_045960.1	8071372	Aquarium	24	1	0.00000	0.00000	0.00000	0.00000	0.00000	0.00000	0.00000	0.00000	ACA:24
508	NC_045960.1	28757923	Skagerrak	30	3	0.57701	0.00000	0.00000	1.14483	0.00000	0.00000	0.00344	0.00043	CTCA:2;TCTA:13;TTCA:15
508	NC_045960.1	28757923	Aquarium	28	4	0.61640	0.00000	0.00000	1.17725	0.00000	0.00000	0.00003	0.00003	CTCA:3;TCCG:2;TCTA:7;TTCA:16
522	NC_045960.1	37538046	North_Sea	52	6	0.74510	0.00000	0.00000	1.13122	0.00000	0.00000	0.00000	0.00000	CGAACG:2;CGAGCA:18;CGTGCA:2;CTAGCA:6;TGAACA:6;TGAGCA:18
522	NC_045960.1	37538046	Skagerrak	28	5	0.77249	0.00000	0.00000	1.33333	0.00000	0.00000	0.00016	0.00011	CGAGCA:4;CGAGTA:2;CTAGCA:8;TGAACA:4;TGAGCA:10
522	NC_045960.1	37538046	Kattegat	2	2	1.00000	0.00000	0.00000	1.00000	0.00000	0.00000	1.00000	0.00000	CGAGCA:1;TGAGCA:1
522	NC_045960.1	37538046	Aquarium	28	4	0.72751	0.00000	0.00000	1.19048	0.00000	0.00000	0.00000	0.00000	CGAGCA:5;CTAGCA:10;TGAACA:3;TGAGCA:10
527	NC_045960.1	42272636	Aquarium	18	1	0.00000	0.00000	0.00000	0.00000	0.00000	0.00000	0.00000	0.00000	TC:18
528	NC_045960.1	42832174	Skagerrak	34	3	0.16934	0.00000	0.00000	0.17291	0.00000	0.00000	1.00000	0.00000	TCGAC:1;TCGGC:31;TCGGG:2
528	NC_045960.1	42832174	Kattegat	2	2	1.00000	0.00000	0.00000	1.00000	0.00000	0.00000	1.00000	0.00000	TCGGC:1;TCGGG:1
528	NC_045960.1	42832174	Aquarium	28	3	0.50000	0.00000	0.00000	1.24603	0.00000	0.00000	0.00013	0.00005	ATTGC:6;TCGAC:3;TCGGC:19
529	NC_045960.1	44467902	Skagerrak	18	2	0.20915	0.00000	0.00000	0.20915	0.00000	0.00000	0.05781	0.00101	GAC:2;GGC:16
529	NC_045960.1	44467902	Kattegat	2	1	0.00000	0.00000	0.00000	0.00000	0.00000	0.00000	0.00000	0.00000	GGC:2
529	NC_045960.1	44467902	Aquarium	16	1	0.00000	0.00000	0.00000	0.00000	0.00000	0.00000	0.00000	0.00000	GGC:16
534	NC_045960.1	46309626	Aquarium	14	1	0.00000	0.00000	0.00000	0.00000	0.00000	0.00000	0.00000	0.00000	TTCA:14
540	NC_045960.1	50453727	Aquarium	2	1	0.00000	0.00000	0.00000	0.00000	0.00000	0.00000	0.00000	0.00000	GTGAAAGC:2
546	NC_045960.1	57877902	Skagerrak	26	7	0.68923	0.00000	0.00000	1.65846	0.00000	0.00000	0.00000	0.00000	AGAGCGCGCGAGG:2;GGGAAGTGCGCAG:4;GGGACATCCGCAG:1;GGGACGTCCGCAG:3;GGGACGTGCGCAA:1;GGGACGTGCGCAG:14;GGGACGTGTGCAG:1
546	NC_045960.1	57877902	Kattegat	2	2	1.00000	0.00000	0.00000	1.00000	0.00000	0.00000	1.00000	0.00000	GGGACGTCCGCAG:1;GGGACGTGCGCAG:1
546	NC_045960.1	57877902	Aquarium	16	4	0.44167	0.00000	0.00000	0.59167	0.00000	0.00000	0.01502	0.00192	GGGAAGTGCGCAG:2;GGGACATCCGCAG:1;GGGACGTCCGCAG:1;GGGACGTGCGCAG:12
569	NC_045960.1	79838621	Kattegat	2	1	0.00000	0.00000	0.00000	0.00000	0.00000	0.00000	0.00000	0.00000	CCA:2
569	NC_045960.1	79838621	Aquarium	18	2	0.11111	0.00000	0.00000	0.11111	0.00000	0.00000	1.00000	0.00000	CCA:17;CTA:1
571	NC_045960.1	88660569	Skagerrak	30	1	0.00000	0.00000	0.00000	0.00000	0.00000	0.00000	0.00000	0.00000	:30
574	NC_045960.1	91780171	Kattegat	2	1	0.00000	0.00000	0.00000	0.00000	0.00000	0.00000	0.00000	0.00000	GAGGTA:2
602	NC_045961.1	17408421	Skagerrak	30	5	0.54253	0.00000	0.00000	0.93793	0.00000	0.00000	0.00000	0.00000	TCACCC:2;TCGTCC:4;TGACCC:2;TGGTCC:20;TGGTCG:2
602	NC_045961.1	17408421	Kattegat	2	1	0.00000	0.00000	0.00000	0.00000	0.00000	0.00000	0.00000	0.00000	TGGTCC:2
602	NC_045961.1	17408421	Aquarium	32	2	0.35282	0.00000	0.00000	0.35282	0.00000	0.00000	0.11083	0.00153	TCGTCC:7;TGGTCC:25
610	NC_045961.1	21528909	Skagerrak	14	2	0.52747	0.00000	0.00000	1.05495	0.00000	0.00000	0.00000	0.00000	CC:8;TA:6
610	NC_045961.1	21528909	Kattegat	2	1	0.00000	0.00000	0.00000	0.00000	0.00000	0.00000	0.00000	0.00000	TA:2
610	NC_045961.1	21528909	Aquarium	22	1	0.00000	0.00000	0.00000	0.00000	0.00000	0.00000	0.00000	0.00000	TA:22
621	NC_045961.1	40543720	Skagerrak	30	6	0.71954	0.00000	0.00000	2.15402	0.00000	0.00000	0.00000	0.00000	AACCCCTC:2;AGCCCCAC:2;AGCCCCTC:4;AGTTCCTC:15;AGTTCCTG:3;GGCCGTTC:4
621	NC_045961.1	40543720	Kattegat	2	1	0.00000	0.00000	0.00000	0.00000	0.00000	0.00000	0.00000	0.00000	AGTTCCTG:2
621	NC_045961.1	40543720	Aquarium	24	4	0.57609	0.00000	0.00000	1.18116	0.00000	0.00000	0.00000	0.00000	AGCCCCAC:2;AGCCCCTC:5;AGTTCCTC:15;AGTTCCTG:2
624	NC_045961.1	42132075	Skagerrak	22	2	0.17316	0.00000	0.00000	0.34632	0.00000	0.00000	1.00000	0.00000	CTCTT:2;TTCTC:20
624	NC_045961.1	42132075	Kattegat	2	1	0.00000	0.00000	0.00000	0.00000	0.00000	0.00000	0.00000	0.00000	CTCTT:2
624	NC_045961.1	42132075	Aquarium	28	3	0.31481	0.00000	0.00000	0.37566	0.00000	0.00000	0.34630	0.00658	CTCTT:1;TTCTC:23;TTCTT:4
629	NC_045961.1	46228868	Kattegat	2	1	0.00000	0.00000	0.00000	0.00000	0.00000	0.00000	0.00000	0.00000	C:2
634	NC_045961.1	49758688	Kattegat	2	1	0.00000	0.00000	0.00000	0.00000	0.00000	0.00000	0.00000	0.00000	G:2
634	NC_045961.1	49758688	Aquarium	14	2	0.43956	0.00000	0.00000	0.43956	0.00000	0.00000	0.02043	0.00041	G:10;T:4
665	NC_045962.1	460554	Skagerrak	18	4	0.68627	0.00000	0.00000	1.16340	0.00000	0.00000	0.00035	0.00013	AAAGG:5;ACAGG:2;ACAGT:9;TCAGG:2
665	NC_045962.1	460554	Kattegat	2	1	0.00000	0.00000	0.00000	0.00000	0.00000	0.00000	0.00000	0.00000	AAAGG:2
665	NC_045962.1	460554	Aquarium	26	4	0.65538	0.00000	0.00000	0.84000	0.00000	0.00000	0.00173	0.00049	AAAGG:4;AAAGT:1;ACAGG:8;ACAGT:13
676	NC_045962.1	14253304	Skagerrak	12	2	0.54545	0.00000	0.00000	2.18182	0.00000	0.00000	0.47942	0.00120	ACCCA:6;GGTTA:6
676	NC_045962.1	14253304	Kattegat	2	2	1.00000	0.00000	0.00000	4.00000	0.00000	0.00000	1.00000	0.00000	ACCCA:1;GGTTA:1
676	NC_045962.1	14253304	Aquarium	12	4	0.71212	0.00000	0.00000	2.63636	0.00000	0.00000	0.09643	0.00396	ACCCA:2;ACCCG:3;GCTCG:1;GGTTA:6
706	NC_045962.1	39556203	Kattegat	2	2	1.00000	0.00000	0.00000	1.00000	0.00000	0.00000	1.00000	0.00000	C:1;T:1
706	NC_045962.1	39556203	Aquarium	28	1	0.00000	0.00000	0.00000	0.00000	0.00000	0.00000	0.00000	0.00000	T:28
707	NC_045962.1	40757404	Skagerrak	24	1	0.00000	0.00000	0.00000	0.00000	0.00000	0.00000	0.00000	0.00000	TT:24
707	NC_045962.1	40757404	Kattegat	2	1	0.00000	0.00000	0.00000	0.00000	0.00000	0.00000	0.00000	0.00000	TT:2
707	NC_045962.1	40757404	Aquarium	20	1	0.00000	0.00000	0.00000	0.00000	0.00000	0.00000	0.00000	0.00000	TT:20
720	NC_045962.1	57614661	Skagerrak	26	1	0.00000	0.00000	0.00000	0.00000	0.00000	0.00000	0.00000	0.00000	T:26
720	NC_045962.1	57614661	Aquarium	12	1	0.00000	0.00000	0.00000	0.00000	0.00000	0.00000	0.00000	0.00000	T:12
721	NC_045962.1	59158986	Skagerrak	14	2	0.14286	0.00000	0.00000	0.14286	0.00000	0.00000	1.00000	0.00000	GGGAAA:13;GGGAAG:1
721	NC_045962.1	59158986	Kattegat	2	2	1.00000	0.00000	0.00000	1.00000	0.00000	0.00000	1.00000	0.00000	GGGAAA:1;GGGAAG:1
721	NC_045962.1	59158986	Aquarium	12	2	0.40909	0.00000	0.00000	0.40909	0.00000	0.00000	1.00000	0.00000	GGGAAA:9;GGGAAG:3
729	NC_045962.1	75967146	Kattegat	2	1	0.00000	0.00000	0.00000	0.00000	0.00000	0.00000	0.00000	0.00000	TAA:2
729	NC_045962.1	75967146	Aquarium	22	1	0.00000	0.00000	0.00000	0.00000	0.00000	0.00000	0.00000	0.00000	TAA:22
740	NC_045963.1	6038802	North_Sea	46	3	0.63285	0.00000	0.00000	0.75459	0.00000	0.00000	0.00000	0.00000	AGAGT:9;GGAGT:23;GGGGT:14
740	NC_045963.1	6038802	Skagerrak	42	3	0.61672	0.00000	0.00000	1.47387	0.00000	0.00000	0.00001	0.00001	AGAGT:15;GAGAG:6;GGAGT:21
740	NC_045963.1	6038802	Kattegat	2	1	0.00000	0.00000	0.00000	0.00000	0.00000	0.00000	0.00000	0.00000	GGAGT:2
740	NC_045963.1	6038802	Aquarium	32	2	0.44355	0.00000	0.00000	0.44355	0.00000	0.00000	0.10537	0.00112	AGAGT:22;GGAGT:10
749	NC_045963.1	17262797	Kattegat	2	1	0.00000	0.00000	0.00000	0.00000	0.00000	0.00000	0.00000	0.00000	GCCGATG:2
756	NC_045963.1	21961606	Kattegat	2	1	0.00000	0.00000	0.00000	0.00000	0.00000	0.00000	0.00000	0.00000	CAAACCTGC:2
777	NC_045963.1	46380766	Kattegat	2	2	1.00000	0.00000	0.00000	2.00000	0.00000	0.00000	1.00000	0.00000	TTCCTA:1;TTCTCA:1
780	NC_045963.1	48067031	North_Sea	42	4	0.55633	0.00000	0.00000	2.44948	0.00000	0.00000	0.00000	0.00000	CGATCTCATCC:4;TAGTCTTAAGC:27;TGATCTCAACT:5;TGGTCTTGACC:6
780	NC_045963.1	48067031	Skagerrak	34	4	0.43672	0.00000	0.00000	2.29768	0.00000	0.00000	0.00232	0.00050	TAGTCTTAAGC:25;TAGTTTTAAGC:1;TGATCTCAACT:2;TGGCCATGACT:6
780	NC_045963.1	48067031	Kattegat	2	1	0.00000	0.00000	0.00000	0.00000	0.00000	0.00000	0.00000	0.00000	TAGTCTTAAGC:2
780	NC_045963.1	48067031	Aquarium	30	2	0.12874	0.00000	0.00000	0.64368	0.00000	0.00000	0.03581	0.00064	TAGTCTTAAGC:28;TGATCTCAACT:2
817	NC_045964.1	14202931	Aquarium	18	1	0.00000	0.00000	0.00000	0.00000	0.00000	0.00000	0.00000	0.00000	G:18
820	NC_045964.1	15774400	Skagerrak	20	5	0.77368	0.00000	0.00000	1.86842	0.00000	0.00000	0.00000	0.00000	TCTAAAGA:1;TTCAAAAC:6;TTTAAAAA:4;TTTAAAGA:7;TTTAGCAA:2
820	NC_045964.1	15774400	Kattegat	2	1	0.00000	0.00000	0.00000	0.00000	0.00000	0.00000	0.00000	0.00000	TTTAAAAA:2
820	NC_045964.1	15774400	Aquarium	18	3	0.60131	0.00000	0.00000	0.88889	0.00000	0.00000	0.00067	0.00021	TTCAAAAC:2;TTTAAAAA:10;TTTAAAGA:6
860	NC_045964.1	54387898	Skagerrak	2	1	0.00000	0.00000	0.00000	0.00000	0.00000	0.00000	0.00000	0.00000	ACCTGAAATATCACC:2
863	NC_045964.1	56440131	Skagerrak	30	3	0.34943	0.00000	0.00000	0.84598	0.00000	0.00000	0.00000	0.00000	CTGATAC:2;CTTATAC:24;CTTGTGT:4
863	NC_045964.1	56440131	Aquarium	16	1	0.00000	0.00000	0.00000	0.00000	0.00000	0.00000	0.00000	0.00000	CTTATAC:16
867	NC_045964.1	59593910	Skagerrak	14	3	0.48352	0.00000	0.00000	0.96703	0.00000	0.00000	0.00331	0.00086	CGCCGGGGGCT:2;CGCTGGTGGCT:2;CGCTGGTGGTT:10
867	NC_045964.1	59593910	Kattegat	2	1	0.00000	0.00000	0.00000	0.00000	0.00000	0.00000	0.00000	0.00000	CGCTGGTGGTT:2
871	NC_045964.1	65463612	Skagerrak	24	3	0.52174	0.00000	0.00000	2.49275	0.00000	0.00000	0.00000	0.00000	AAAAGCACGTGTT:4;AGAGGTCTGAGTG:4;GAAGGCACGTGTT:16
871	NC_045964.1	65463612	Kattegat	2	1	0.00000	0.00000	0.00000	0.00000	0.00000	0.00000	0.00000	0.00000	GAAGGCACGTGTT:2
871	NC_045964.1	65463612	Aquarium	16	3	0.60833	0.00000	0.00000	1.28333	0.00000	0.00000	0.00000	0.00000	AAAAGCACATGTT:2;AAAAGCACGTGTT:5;GAAGGCACGTGTT:9
878	NC_045964.1	73226211	Skagerrak	20	3	0.56842	0.00000	0.00000	1.20000	0.00000	0.00000	0.02759	0.00086	AAGCA:6;GAGCA:12;GGTTG:2
878	NC_045964.1	73226211	Aquarium	28	2	0.49471	0.00000	0.00000	0.49471	0.00000	0.00000	0.00000	0.00000	AAGCA:17;GAGCA:11
900	NC_045965.1	22693354	Kattegat	2	1	0.00000	0.00000	0.00000	0.00000	0.00000	0.00000	0.00000	0.00000	TA:2
900	NC_045965.1	22693354	Aquarium	16	1	0.00000	0.00000	0.00000	0.00000	0.00000	0.00000	0.00000	0.00000	GA:16
913	NC_045965.1	31343934	Skagerrak	26	2	0.14769	0.00000	0.00000	0.29538	0.00000	0.00000	0.03984	0.00087	TACTT:24;TAGAT:2
913	NC_045965.1	31343934	Kattegat	2	1	0.00000	0.00000	0.00000	0.00000	0.00000	0.00000	0.00000	0.00000	TACTT:2
913	NC_045965.1	31343934	Aquarium	14	2	0.26374	0.00000	0.00000	0.52747	0.00000	0.00000	0.07708	0.00113	TACTT:12;TAGAT:2
919	NC_045965.1	45835539	Kattegat	2	1	0.00000	0.00000	0.00000	0.00000	0.00000	0.00000	0.00000	0.00000	A:2
919	NC_045965.1	45835539	Aquarium	16	1	0.00000	0.00000	0.00000	0.00000	0.00000	0.00000	0.00000	0.00000	A:16
920	NC_045965.1	47310852	Kattegat	2	1	0.00000	0.00000	0.00000	0.00000	0.00000	0.00000	0.00000	0.00000	TAACAG:2
920	NC_045965.1	47310852	Aquarium	16	6	0.83333	0.00000	0.00000	2.16667	0.00000	0.00000	0.17532	0.00672	AAAGAG:1;TAACGG:3;TAAGGG:1;TGAGAA:5;TGAGAG:2;TGTGAG:4
924	NC_045965.1	51904861	Skagerrak	22	2	0.09091	0.00000	0.00000	0.09091	0.00000	0.00000	1.00000	0.00000	C:21;T:1
924	NC_045965.1	51904861	Kattegat	2	1	0.00000	0.00000	0.00000	0.00000	0.00000	0.00000	0.00000	0.00000	C:2
924	NC_045965.1	51904861	Aquarium	28	1	0.00000	0.00000	0.00000	0.00000	0.00000	0.00000	0.00000	0.00000	C:28
932	NC_045965.1	57606362	Skagerrak	28	1	0.00000	0.00000	0.00000	0.00000	0.00000	0.00000	0.00000	0.00000	CT:28
932	NC_045965.1	57606362	Aquarium	18	1	0.00000	0.00000	0.00000	0.00000	0.00000	0.00000	0.00000	0.00000	CT:18
933	NC_045965.1	57803180	Aquarium	12	1	0.00000	0.00000	0.00000	0.00000	0.00000	0.00000	0.00000	0.00000	CGC:12
956	NC_045966.1	18630599	Skagerrak	20	3	0.58421	0.00000	0.00000	1.91053	0.00000	0.00000	0.04650	0.00157	CCGCTA:3;CGACAA:12;TCGCTA:5
956	NC_045966.1	18630599	Kattegat	2	1	0.00000	0.00000	0.00000	0.00000	0.00000	0.00000	0.00000	0.00000	CGACAA:2
956	NC_045966.1	18630599	Aquarium	20	3	0.48947	0.00000	0.00000	1.24737	0.00000	0.00000	0.00336	0.00038	CCGCTA:3;CGACAA:3;TCGCTA:14
966	NC_045966.1	36709704	North_Sea	42	3	0.51220	0.00000	0.00000	0.54123	0.00000	0.00000	0.00010	0.00006	AA:16;AT:1;TA:25
966	NC_045966.1	36709704	Skagerrak	18	3	0.67974	0.00000	0.00000	0.88889	0.00000	0.00000	0.17306	0.00156	AA:6;AT:4;TA:8
966	NC_045966.1	36709704	Kattegat	2	1	0.00000	0.00000	0.00000	0.00000	0.00000	0.00000	0.00000	0.00000	AA:2
966	NC_045966.1	36709704	Aquarium	32	3	0.23185	0.00000	0.00000	0.28831	0.00000	0.00000	0.00345	0.00046	AA:3;AT:1;TA:28
976	NC_045966.1	42541836	North_Sea	40	4	0.35256	0.00000	0.00000	0.56154	0.00000	0.00000	0.01154	0.00088	ACTTC:3;GCCTG:4;GCTCC:1;GCTTC:32
976	NC_045966.1	42541836	Skagerrak	20	2	0.10000	0.00000	0.00000	0.10000	0.00000	0.00000	1.00000	0.00000	ACTTC:1;GCTTC:19
976	NC_045966.1	42541836	Kattegat	2	1	0.00000	0.00000	0.00000	0.00000	0.00000	0.00000	0.00000	0.00000	GCTTC:2
976	NC_045966.1	42541836	Aquarium	30	2	0.06667	0.00000	0.00000	0.06667	0.00000	0.00000	1.00000	0.00000	GATTC:1;GCTTC:29
984	NC_045966.1	52282647	Kattegat	2	1	0.00000	0.00000	0.00000	0.00000	0.00000	0.00000	0.00000	0.00000	CCCT:2
984	NC_045966.1	52282647	Aquarium	8	2	0.25000	0.00000	0.00000	0.25000	0.00000	0.00000	1.00000	0.00000	CCCT:7;TCCT:1
985	NC_045966.1	54405349	Aquarium	6	1	0.00000	0.00000	0.00000	0.00000	0.00000	0.00000	0.00000	0.00000	AGACACGTAC:6
991	NC_045966.1	60679700	North_Sea	66	1	0.00000	0.00000	0.00000	0.00000	0.00000	0.00000	0.00000	0.00000	AGGGC:66
991	NC_045966.1	60679700	Skagerrak	28	2	0.25397	0.00000	0.00000	1.26984	0.00000	0.00000	0.00000	0.00000	AGGGC:24;GTAAT:4
991	NC_045966.1	60679700	Kattegat	2	1	0.00000	0.00000	0.00000	0.00000	0.00000	0.00000	0.00000	0.00000	AGGGC:2
991	NC_045966.1	60679700	Aquarium	30	1	0.00000	0.00000	0.00000	0.00000	0.00000	0.00000	0.00000	0.00000	AGGGC:30
1002	NC_045967.1	3535989	Kattegat	2	1	0.00000	0.00000	0.00000	0.00000	0.00000	0.00000	0.00000	0.00000	GGCAGCCGCG:2
1002	NC_045967.1	3535989	Aquarium	8	2	0.25000	0.00000	0.00000	0.25000	0.00000	0.00000	1.00000	0.00000	GGCAGCCGCG:7;TGCAGCCGCG:1
1027	NC_045967.1	26283713	Skagerrak	6	2	0.33333	0.00000	0.00000	0.33333	0.00000	0.00000	1.00000	0.00000	GAAT:5;GAGT:1
1027	NC_045967.1	26283713	Kattegat	2	1	0.00000	0.00000	0.00000	0.00000	0.00000	0.00000	0.00000	0.00000	GAAT:2
1027	NC_045967.1	26283713	Aquarium	6	2	0.53333	0.00000	0.00000	0.53333	0.00000	0.00000	0.19930	0.00104	GAAT:2;GGAT:4
1047	NC_045967.1	52130172	North_Sea	66	7	0.60326	0.00000	0.00000	0.74592	0.00000	0.00000	0.00000	0.00000	CCCCCCCCCG:14;CCCCCCCTCG:39;CCCCCCCTTG:6;CCCCCCTTCG:1;CCCGCCCTCG:2;CCGCCTCTCG:1;TCCCCCCTCG:3
1047	NC_045967.1	52130172	Skagerrak	36	4	0.61429	0.00000	0.00000	1.01429	0.00000	0.00000	0.00004	0.00003	CCCCCCCCCG:6;CCCCCCCTCG:21;CCCCCCCTTG:3;CCCCGCCTCC:6
1047	NC_045967.1	52130172	Kattegat	2	2	1.00000	0.00000	0.00000	1.00000	0.00000	0.00000	1.00000	0.00000	CCCCCCCCCG:1;CCCCCCCTCG:1
1047	NC_045967.1	52130172	Aquarium	28	2	0.13757	0.00000	0.00000	0.13757	0.00000	0.00000	1.00000	0.00000	CCCCCCCCCG:2;CCCCCCCTCG:26
1053	NC_045967.1	57676791	North_Sea	42	6	0.71661	0.00000	0.00000	1.26713	0.00000	0.00000	0.00000	0.00000	AGCGACTCCTGC:2;GGCGACACCTGC:4;GGCGACTCCCTC:9;GGCGACTCCTGC:20;GGCGACTCTTGC:2;GGCGTCTCCTGC:5
1053	NC_045967.1	57676791	Skagerrak	30	7	0.80000	0.00000	0.00000	1.98391	0.00000	0.00000	0.00000	0.00000	GGCGACACCTGC:3;GGCGACTCCCTC:4;GGCGACTCCTGC:7;GGCGACTCCTGT:2;GGCGACTTCTGC:1;GGCGTCTCCTGC:11;GTGCAGTCTTGC:2
1053	NC_045967.1	57676791	Kattegat	2	1	0.00000	0.00000	0.00000	0.00000	0.00000	0.00000	0.00000	0.00000	GGCGACTCCCTC:2
1053	NC_045967.1	57676791	Aquarium	26	3	0.34154	0.00000	0.00000	0.36000	0.00000	0.00000	0.16671	0.00316	GGCGACACCTGC:3;GGCGACTCCTGC:21;GGCGTCTCCTGC:2
1085	NC_045968.1	27241754	Skagerrak	30	6	0.60920	0.00000	0.00000	2.00920	0.00000	0.00000	0.00000	0.00000	CCCTCGGCATT:6;CCCTCGGCGTT:1;CCCTCGGTGGT:18;CCTTCGGTGGT:2;CTCTCGGTGTT:1;TCCCCCTCGGC:2
1085	NC_045968.1	27241754	Kattegat	2	1	0.00000	0.00000	0.00000	0.00000	0.00000	0.00000	0.00000	0.00000	CCCTCGGCATT:2
1085	NC_045968.1	27241754	Aquarium	24	3	0.63768	0.00000	0.00000	1.44928	0.00000	0.00000	0.00000	0.00000	CCCTCGGCATT:12;CCCTCGGCGTT:4;CCCTCGGTGGT:8
1105	NC_045968.1	52877089	Skagerrak	22	7	0.86580	0.00000	0.00000	3.08225	0.00000	0.00000	0.00228	0.00087	CCATATCCT:4;CCATGGCGT:2;CCATGTCCT:2;CCATGTCGT:2;CCATGTTGT:6;CTCGATCCA:4;GCATGTTGT:2
1105	NC_045968.1	52877089	Kattegat	2	1	0.00000	0.00000	0.00000	0.00000	0.00000	0.00000	0.00000	0.00000	CCATATCCT:2
1139	NC_045969.1	29547571	North_Sea	52	5	0.66290	0.00000	0.00000	0.96078	0.00000	0.00000	0.00000	0.00000	ACACACAGAC:26;ACACACAGTC:5;ACACACTGAC:15;ACATACAGAT:4;ATACACAGAC:2
1139	NC_045969.1	29547571	Skagerrak	34	4	0.65597	0.00000	0.00000	1.86809	0.00000	0.00000	0.00000	0.00000	ACACACAGAC:16;ACACACAGTC:2;ACACACTGAC:12;TCGCGTATAT:4
1139	NC_045969.1	29547571	Kattegat	2	2	1.00000	0.00000	0.00000	1.00000	0.00000	0.00000	1.00000	0.00000	ACACACAGAC:1;ACACACAGTC:1
1139	NC_045969.1	29547571	Aquarium	22	3	0.54113	0.00000	0.00000	0.57576	0.00000	0.00000	0.05817	0.00180	ACACACAGAC:13;ACACACAGTC:8;ACACACTGAC:1
1143	NC_045969.1	31465155	Skagerrak	20	3	0.27895	0.00000	0.00000	0.66842	0.00000	0.00000	0.02404	0.00144	AAAAGGG:2;GACGCGG:1;GACGGGG:17
1143	NC_045969.1	31465155	Kattegat	2	1	0.00000	0.00000	0.00000	0.00000	0.00000	0.00000	0.00000	0.00000	GACGGGG:2
1143	NC_045969.1	31465155	Aquarium	22	3	0.50649	0.00000	0.00000	0.55844	0.00000	0.00000	0.01490	0.00090	GACGGAG:4;GACGGGA:3;GACGGGG:15
1146	NC_045969.1	33983697	Skagerrak	16	1	0.00000	0.00000	0.00000	0.00000	0.00000	0.00000	0.00000	0.00000	CAT:16
1146	NC_045969.1	33983697	Aquarium	20	1	0.00000	0.00000	0.00000	0.00000	0.00000	0.00000	0.00000	0.00000	CAT:20
1155	NC_045969.1	38414589	Skagerrak	18	1	0.00000	0.00000	0.00000	0.00000	0.00000	0.00000	0.00000	0.00000	GGAACGGCG:18
1155	NC_045969.1	38414589	Aquarium	24	1	0.00000	0.00000	0.00000	0.00000	0.00000	0.00000	0.00000	0.00000	GGAACGGCG:24
1174	NC_045969.1	56401989	Skagerrak	30	3	0.62759	0.00000	0.00000	1.01609	0.00000	0.00000	0.00001	0.00001	GAT:13;GGC:13;GGT:4
1174	NC_045969.1	56401989	Aquarium	16	3	0.69167	0.00000	0.00000	0.92500	0.00000	0.00000	0.00249	0.00028	GAT:4;GGC:7;GGT:5
1194	NC_045970.1	24706656	Kattegat	2	1	0.00000	0.00000	0.00000	0.00000	0.00000	0.00000	0.00000	0.00000	GA:2
1197	NC_045970.1	29809705	North_Sea	44	2	0.08879	0.00000	0.00000	0.08879	0.00000	0.00000	0.02325	0.00066	CC:42;TC:2
1197	NC_045970.1	29809705	Skagerrak	26	1	0.00000	0.00000	0.00000	0.00000	0.00000	0.00000	0.00000	0.00000	CC:26
1197	NC_045970.1	29809705	Kattegat	2	1	0.00000	0.00000	0.00000	0.00000	0.00000	0.00000	0.00000	0.00000	CC:2
1197	NC_045970.1	29809705	Aquarium	26	3	0.62462	0.00000	0.00000	0.73231	0.00000	0.00000	0.03381	0.00177	CC:14;CT:5;TC:7
1211	NC_045970.1	40868379	Aquarium	18	1	0.00000	0.00000	0.00000	0.00000	0.00000	0.00000	0.00000	0.00000	G:18
1212	NC_045970.1	41501669	Kattegat	2	1	0.00000	0.00000	0.00000	0.00000	0.00000	0.00000	0.00000	0.00000	AAATAATT:2
1212	NC_045970.1	41501669	Aquarium	16	2	0.23333	0.00000	0.00000	1.40000	0.00000	0.00000	1.00000	0.00000	AAATAATT:14;TACCGGCT:2
1246	NC_045971.1	21392253	Kattegat	2	2	1.00000	0.00000	0.00000	1.00000	0.00000	0.00000	1.00000	0.00000	CGC:1;CGG:1
1246	NC_045971.1	21392253	Aquarium	20	3	0.56316	0.00000	0.00000	0.60526	0.00000	0.00000	0.00122	0.00020	CGC:11;CGG:8;TGC:1
1282	NC_045972.1	8597930	Kattegat	2	2	1.00000	0.00000	0.00000	2.00000	0.00000	0.00000	1.00000	0.00000	TGATT:1;TGCCT:1
1282	NC_045972.1	8597930	Aquarium	16	2	0.12500	0.00000	0.00000	0.12500	0.00000	0.00000	1.00000	0.00000	TGACT:1;TGATT:15
1296	NC_045972.1	19589136	Skagerrak	32	4	0.50000	0.00000	0.00000	0.91129	0.00000	0.00000	0.00000	0.00000	CAGAGGT:2;CAGCGGC:2;CATAGGT:6;CGTAGGT:22
1296	NC_045972.1	19589136	Kattegat	2	1	0.00000	0.00000	0.00000	0.00000	0.00000	0.00000	0.00000	0.00000	CATAGGT:2
1296	NC_045972.1	19589136	Aquarium	26	2	0.40923	0.00000	0.00000	0.40923	0.00000	0.00000	0.00827	0.00031	CATAGGT:7;CGTAGGT:19
1310	NC_045972.1	34459403	Skagerrak	22	1	0.00000	0.00000	0.00000	0.00000	0.00000	0.00000	0.00000	0.00000	ACATG:22
1310	NC_045972.1	34459403	Aquarium	22	1	0.00000	0.00000	0.00000	0.00000	0.00000	0.00000	0.00000	0.00000	ACATG:22
1315	NC_045972.1	38712480	Skagerrak	26	3	0.61846	0.00000	0.00000	0.72923	0.00000	0.00000	0.00536	0.00037	AAGGAA:3;GAGGAA:11;GTGGAA:12
1315	NC_045972.1	38712480	Kattegat	2	1	0.00000	0.00000	0.00000	0.00000	0.00000	0.00000	0.00000	0.00000	GTGGAA:2
1315	NC_045972.1	38712480	Aquarium	28	4	0.47619	0.00000	0.00000	0.83598	0.00000	0.00000	0.00000	0.00000	GAGAAG:2;GAGGAA:4;GAGGCA:2;GTGGAA:20
1316	NC_045972.1	39144351	Skagerrak	24	2	0.50725	0.00000	0.00000	0.50725	0.00000	0.00000	0.00038	0.00008	A:14;C:10
1316	NC_045972.1	39144351	Kattegat	2	1	0.00000	0.00000	0.00000	0.00000	0.00000	0.00000	0.00000	0.00000	C:2
1316	NC_045972.1	39144351	Aquarium	28	2	0.13757	0.00000	0.00000	0.13757	0.00000	0.00000	0.03902	0.00068	A:26;C:2
1333	NC_045973.1	4842158	Skagerrak	18	1	0.00000	0.00000	0.00000	0.00000	0.00000	0.00000	0.00000	0.00000	T:18
1333	NC_045973.1	4842158	Aquarium	22	1	0.00000	0.00000	0.00000	0.00000	0.00000	0.00000	0.00000	0.00000	T:22
1356	NC_045973.1	33998032	Skagerrak	16	3	0.24167	0.00000	0.00000	0.25000	0.00000	0.00000	1.00000	0.00000	AAATGTCCG:14;AAATTTCCG:1;GAATGTCCG:1
1356	NC_045973.1	33998032	Kattegat	2	1	0.00000	0.00000	0.00000	0.00000	0.00000	0.00000	0.00000	0.00000	AAATGTCCG:2
1356	NC_045973.1	33998032	Aquarium	22	1	0.00000	0.00000	0.00000	0.00000	0.00000	0.00000	0.00000	0.00000	AAATGTCCG:22
1360	NC_045973.1	35681319	Aquarium	18	1	0.00000	0.00000	0.00000	0.00000	0.00000	0.00000	0.00000	0.00000	TGAT:18
1361	NC_045973.1	35799385	North_Sea	58	4	0.39927	0.00000	0.00000	0.42589	0.00000	0.00000	0.00000	0.00000	AGAAGAACA:2;AGAAGAGCA:44;AGAAGAGGA:10;GGAAGAGCA:2
1361	NC_045973.1	35799385	Skagerrak	28	3	0.31481	0.00000	0.00000	1.59524	0.00000	0.00000	0.00465	0.00041	AAGAAGGGG:4;AGAAGAGCA:23;AGACGAGCA:1
1361	NC_045973.1	35799385	Kattegat	2	1	0.00000	0.00000	0.00000	0.00000	0.00000	0.00000	0.00000	0.00000	AGAAGAGCA:2
1361	NC_045973.1	35799385	Aquarium	32	1	0.00000	0.00000	0.00000	0.00000	0.00000	0.00000	0.00000	0.00000	AGAAGAGCA:32
1362	NC_045973.1	36283810	Skagerrak	26	3	0.21846	0.00000	0.00000	0.36000	0.00000	0.00000	0.00000	0.00000	ACTCA:23;ACTTA:1;ACTTG:2
1362	NC_045973.1	36283810	Aquarium	32	2	0.22581	0.00000	0.00000	0.22581	0.00000	0.00000	0.00336	0.00028	ACTCA:28;ACTTA:4
1368	NC_045973.1	41877268	North_Sea	64	1	0.00000	0.00000	0.00000	0.00000	0.00000	0.00000	0.00000	0.00000	T:64
1368	NC_045973.1	41877268	Skagerrak	28	2	0.07143	0.00000	0.00000	0.07143	0.00000	0.00000	1.00000	0.00000	A:1;T:27
1368	NC_045973.1	41877268	Kattegat	2	1	0.00000	0.00000	0.00000	0.00000	0.00000	0.00000	0.00000	0.00000	T:2
1368	NC_045973.1	41877268	Aquarium	30	2	0.06667	0.00000	0.00000	0.06667	0.00000	0.00000	1.00000	0.00000	A:1;T:29
1375	NC_045974.1	468908	North_Sea	62	5	0.66473	0.00000	0.00000	2.06346	0.00000	0.00000	0.00000	0.00000	CCAAAAGAGC:6;GCAGAAGAGA:10;GCGGTGGAGA:32;GCGGTGGAGC:1;GTGGTGGAGA:13
1375	NC_045974.1	468908	Skagerrak	30	4	0.52414	0.00000	0.00000	1.65517	0.00000	0.00000	0.00266	0.00056	GCAGAAAAAC:2;GCAGAAGAAC:2;GCGGTGGAGA:20;GTGGTGGAGA:6
1375	NC_045974.1	468908	Kattegat	2	2	1.00000	0.00000	0.00000	1.00000	0.00000	0.00000	1.00000	0.00000	GCGGTGGAGA:1;GCGGTGGTGA:1
1375	NC_045974.1	468908	Aquarium	26	2	0.51692	0.00000	0.00000	0.51692	0.00000	0.00000	0.00559	0.00030	GCGGTGGAGA:12;GTGGTGGAGA:14
1391	NC_045974.1	13690665	Skagerrak	24	2	0.28986	0.00000	0.00000	0.28986	0.00000	0.00000	0.25300	0.00167	C:4;G:20
1391	NC_045974.1	13690665	Kattegat	2	1	0.00000	0.00000	0.00000	0.00000	0.00000	0.00000	0.00000	0.00000	G:2
1391	NC_045974.1	13690665	Aquarium	22	1	0.00000	0.00000	0.00000	0.00000	0.00000	0.00000	0.00000	0.00000	G:22
1400	NC_045974.1	20060629	Kattegat	2	1	0.00000	0.00000	0.00000	0.00000	0.00000	0.00000	0.00000	0.00000	GCGAT:2
1403	NC_045974.1	22009269	Aquarium	16	1	0.00000	0.00000	0.00000	0.00000	0.00000	0.00000	0.00000	0.00000	C:16
1404	NC_045974.1	22194979	Aquarium	24	1	0.00000	0.00000	0.00000	0.00000	0.00000	0.00000	0.00000	0.00000	:24
1419	NC_045974.1	35699961	Aquarium	16	1	0.00000	0.00000	0.00000	0.00000	0.00000	0.00000	0.00000	0.00000	C:16
1446	NC_045975.1	16626671	North_Sea	46	4	0.59130	0.00000	0.00000	0.87343	0.00000	0.00000	0.00000	0.00000	ACACG:4;TTACA:14;TTACG:26;TTGCA:2
1446	NC_045975.1	16626671	Skagerrak	28	3	0.54762	0.00000	0.00000	0.65079	0.00000	0.00000	0.27023	0.00553	ACACG:1;TTACA:12;TTACG:15
1446	NC_045975.1	16626671	Kattegat	2	1	0.00000	0.00000	0.00000	0.00000	0.00000	0.00000	0.00000	0.00000	TTACA:2
1446	NC_045975.1	16626671	Aquarium	26	2	0.27077	0.00000	0.00000	0.27077	0.00000	0.00000	0.23452	0.00121	TTACA:4;TTACG:22
1454	NC_045975.1	22992060	North_Sea	54	2	0.20126	0.00000	0.00000	0.40252	0.00000	0.00000	0.00012	0.00004	TCCGATATGAT:48;TCCGGTCTGAT:6
1454	NC_045975.1	22992060	Skagerrak	34	2	0.11408	0.00000	0.00000	1.25490	0.00000	0.00000	0.02992	0.00056	CAAAGGCCCCC:2;TCCGATATGAT:32
1454	NC_045975.1	22992060	Aquarium	30	1	0.00000	0.00000	0.00000	0.00000	0.00000	0.00000	0.00000	0.00000	TCCGATATGAT:30
1466	NC_045975.1	28942445	North_Sea	10	2	0.53333	0.00000	0.00000	0.53333	0.00000	0.00000	0.42760	0.00109	TGCA:6;TGCC:4
1466	NC_045975.1	28942445	Skagerrak	2	2	1.00000	0.00000	0.00000	1.00000	0.00000	0.00000	1.00000	0.00000	TGCA:1;TGCC:1
1466	NC_045975.1	28942445	Kattegat	2	2	1.00000	0.00000	0.00000	1.00000	0.00000	0.00000	1.00000	0.00000	TGCA:1;TGCC:1
1466	NC_045975.1	28942445	Aquarium	2	2	1.00000	0.00000	0.00000	1.00000	0.00000	0.00000	1.00000	0.00000	TGCA:1;TGCC:1
1472	NC_045975.1	35569990	North_Sea	44	11	0.90063	0.00000	0.00000	2.73467	0.00000	0.00000	0.00000	0.00000	CTGACGCACGCACAATCA:8;CTGGCGCACGCACAATCT:2;CTGGCGCACGCACTATCT:4;CTGGCGCACGTACAATCA:4;CTGGCGCACGTACAATTA:8;CTGGCGCATGCACAATCT:2;CTGGCGCATGTACAATCA:6;CTGGTGCACGCACAAACA:3;CTGGTGCTCGCACAAACA:1;CTGGTGTACGCACAATCA:3;TTGGCGCACGCACAAACA:3
1472	NC_045975.1	35569990	Skagerrak	22	12	0.91775	0.00000	0.00000	3.57143	0.00000	0.00000	0.00000	0.00000	CCAGCACACACAGAGACA:1;CTAGCACACACAGAGACA:1;CTGACGCACGCACAATCA:2;CTGGCGCACGCCCAAACA:1;CTGGCGCACGTACAATCA:2;CTGGCGCACGTACAATTA:2;CTGGCGCATGTACAATCA:5;CTGGTGCACGCACAAACA:1;CTGGTGCTCGCACAAACA:1;CTGGTGTACGCACAATCA:1;TTGGCGCACGCACAAACA:4;TTGGCGCACGCACAATCA:1
1472	NC_045975.1	35569990	Kattegat	2	1	0.00000	0.00000	0.00000	0.00000	0.00000	0.00000	0.00000	0.00000	CTGACGCACGCACAATCA:2
1472	NC_045975.1	35569990	Aquarium	26	5	0.72615	0.00000	0.00000	2.10462	0.00000	0.00000	0.05158	0.00274	CTGGCGCACGTACAATCA:12;CTGGCGCACGTACAATTA:3;CTGGTGCACGCACAAACA:1;CTGGTGTACGCACAATCA:5;TTGGCGCACGCACAAACA:5
1484	NC_045976.1	13075923	North_Sea	52	10	0.69457	0.00000	0.00000	2.40950	0.00000	0.00000	0.00000	0.00000	CCACGCTCCAAACAGT:2;CCACGCTGCTAAAGGT:2;CGACACTGCAAACAGT:2;CGACACTGCTAAAGGT:2;CGACACTGCTACAGGT:2;CGACGCTGCTAAAGGT:28;CGACGCTGTAAACAGT:5;CGATGCTGCTAAAGGT:1;CGGCGTTGCTAAAGGT:4;TGACACTGCAAACAGT:4
1484	NC_045976.1	13075923	Skagerrak	36	7	0.64286	0.00000	0.00000	2.43492	0.00000	0.00000	0.00000	0.00000	CGACACCGCTTCAAGG:4;CGACACTGCTAAAGGT:2;CGACACTGCTACAGGT:2;CGACGCTGCTAAAGGT:21;CGACGCTGCTAAAGTT:2;CGACGCTGTAAACAGT:4;CGGCGTTGCTAAAGGT:1
1484	NC_045976.1	13075923	Aquarium	30	4	0.59080	0.00000	0.00000	1.00000	0.00000	0.00000	0.00000	0.00000	CCACGCTGCTAAAGGT:7;CGACACTGCTACAGGT:2;CGACGCTGCTAAAGGT:18;CGGCGTTGCTAAAGGT:3
1490	NC_045976.1	21478340	Skagerrak	20	2	0.52105	0.00000	0.00000	0.52105	0.00000	0.00000	0.01462	0.00040	AGG:9;TGG:11
1490	NC_045976.1	21478340	Aquarium	26	3	0.21846	0.00000	0.00000	0.36000	0.00000	0.00000	0.00000	0.00000	AGA:2;AGG:1;TGG:23
1504	NC_045976.1	28637816	Skagerrak	26	4	0.54462	0.00000	0.00000	1.16000	0.00000	0.00000	0.00012	0.00012	CTACCA:4;TCGCCG:1;TTGCCG:17;TTGTCG:4
1504	NC_045976.1	28637816	Kattegat	2	1	0.00000	0.00000	0.00000	0.00000	0.00000	0.00000	0.00000	0.00000	TTGCCG:2
1504	NC_045976.1	28637816	Aquarium	20	2	0.52105	0.00000	0.00000	0.52105	0.00000	0.00000	0.01463	0.00033	TTGCCG:11;TTGTCG:9
1523	NC_045977.1	21824405	Aquarium	24	1	0.00000	0.00000	0.00000	0.00000	0.00000	0.00000	0.00000	0.00000	:24
1524	NC_045977.1	21878380	Skagerrak	26	1	0.00000	0.00000	0.00000	0.00000	0.00000	0.00000	0.00000	0.00000	GC:26
1524	NC_045977.1	21878380	Aquarium	16	1	0.00000	0.00000	0.00000	0.00000	0.00000	0.00000	0.00000	0.00000	GC:16
1526	NC_045977.1	23005581	North_Sea	40	4	0.23333	0.00000	0.00000	0.28462	0.00000	0.00000	0.00410	0.00065	AACCC:35;AGCCC:3;AGCTC:1;TACCC:1
1526	NC_045977.1	23005581	Skagerrak	28	1	0.00000	0.00000	0.00000	0.00000	0.00000	0.00000	0.00000	0.00000	AACCC:28
1526	NC_045977.1	23005581	Kattegat	2	1	0.00000	0.00000	0.00000	0.00000	0.00000	0.00000	0.00000	0.00000	AACCC:2
1526	NC_045977.1	23005581	Aquarium	30	2	0.06667	0.00000	0.00000	0.06667	0.00000	0.00000	1.00000	0.00000	AACCC:29;AACCT:1
1533	NC_045977.1	27046049	Skagerrak	28	4	0.43122	0.00000	0.00000	0.58995	0.00000	0.00000	0.25131	0.00733	CGAA:2;GGAA:2;GGAG:21;GGTG:3
1533	NC_045977.1	27046049	Kattegat	2	1	0.00000	0.00000	0.00000	0.00000	0.00000	0.00000	0.00000	0.00000	GGAA:2
1533	NC_045977.1	27046049	Aquarium	30	3	0.50805	0.00000	0.00000	0.55632	0.00000	0.00000	0.00099	0.00016	GGAA:7;GGAG:20;GGTG:3
1537	NC_045977.1	31674640	North_Sea	48	7	0.43351	0.00000	0.00000	0.58599	0.00000	0.00000	0.00000	0.00000	CCAAT:2;CCAGA:4;CCAGT:36;CCCAT:1;CCCGT:2;CTAGT:1;TCAGA:2
1537	NC_045977.1	31674640	Skagerrak	22	3	0.58442	0.00000	0.00000	0.66234	0.00000	0.00000	0.00043	0.00014	CCAAT:3;CCAGA:6;CCAGT:13
1537	NC_045977.1	31674640	Kattegat	2	1	0.00000	0.00000	0.00000	0.00000	0.00000	0.00000	0.00000	0.00000	CCAGT:2
1537	NC_045977.1	31674640	Aquarium	18	4	0.47059	0.00000	0.00000	0.58824	0.00000	0.00000	0.10429	0.00418	CCAAA:1;CCAGA:3;CCAGT:13;CTAGT:1
1542	NC_045977.1	34344052	North_Sea	48	3	0.12145	0.00000	0.00000	0.12323	0.00000	0.00000	0.00000	0.00000	AAC:2;GAC:45;GTC:1
1542	NC_045977.1	34344052	Skagerrak	30	2	0.12874	0.00000	0.00000	0.12874	0.00000	0.00000	0.03560	0.00085	GAC:28;GAT:2
1542	NC_045977.1	34344052	Kattegat	2	1	0.00000	0.00000	0.00000	0.00000	0.00000	0.00000	0.00000	0.00000	GAC:2
1542	NC_045977.1	34344052	Aquarium	28	1	0.00000	0.00000	0.00000	0.00000	0.00000	0.00000	0.00000	0.00000	GAC:28
1564	NC_045978.1	14640626	Kattegat	2	1	0.00000	0.00000	0.00000	0.00000	0.00000	0.00000	0.00000	0.00000	TTCTAACC:2
1564	NC_045978.1	14640626	Aquarium	18	4	0.47712	0.00000	0.00000	1.31373	0.00000	0.00000	0.00000	0.00000	TGTTAACC:13;TGTTAATC:1;TTCTAACC:2;TTTTGCCT:2
1566	NC_045978.1	18084024	North_Sea	48	3	0.29433	0.00000	0.00000	0.36525	0.00000	0.00000	0.00000	0.00000	AAC:2;GAC:6;GGC:40
1566	NC_045978.1	18084024	Skagerrak	26	1	0.00000	0.00000	0.00000	0.00000	0.00000	0.00000	0.00000	0.00000	GGC:26
1566	NC_045978.1	18084024	Kattegat	2	1	0.00000	0.00000	0.00000	0.00000	0.00000	0.00000	0.00000	0.00000	GGC:2
1566	NC_045978.1	18084024	Aquarium	34	2	0.05882	0.00000	0.00000	0.05882	0.00000	0.00000	1.00000	0.00000	GGA:1;GGC:33
1570	NC_045978.1	22251683	North_Sea	48	3	0.31826	0.00000	0.00000	0.89273	0.00000	0.00000	0.00000	0.00000	AAGTA:8;ATACC:1;ATATC:39
1570	NC_045978.1	22251683	Skagerrak	30	1	0.00000	0.00000	0.00000	0.00000	0.00000	0.00000	0.00000	0.00000	ATATC:30
1570	NC_045978.1	22251683	Kattegat	2	1	0.00000	0.00000	0.00000	0.00000	0.00000	0.00000	0.00000	0.00000	ATATC:2
1570	NC_045978.1	22251683	Aquarium	28	2	0.07143	0.00000	0.00000	0.07143	0.00000	0.00000	1.00000	0.00000	ATATC:27;GTATC:1
1588	NC_045978.1	29812747	Skagerrak	20	3	0.48421	0.00000	0.00000	0.77895	0.00000	0.00000	0.00051	0.00017	AAA:4;AGA:2;GGA:14
1588	NC_045978.1	29812747	Aquarium	28	2	0.49471	0.00000	0.00000	0.98942	0.00000	0.00000	0.00000	0.00000	AAA:17;GGA:11
1594	NC_045978.1	36246542	Aquarium	16	1	0.00000	0.00000	0.00000	0.00000	0.00000	0.00000	0.00000	0.00000	AA:16
1607	NC_045979.1	4329586	Kattegat	2	1	0.00000	0.00000	0.00000	0.00000	0.00000	0.00000	0.00000	0.00000	AAACTCG:2
1608	NC_045979.1	5145162	Skagerrak	18	2	0.11111	0.00000	0.00000	0.22222	0.00000	0.00000	1.00000	0.00000	ACCC:1;GGCC:17
1608	NC_045979.1	5145162	Aquarium	26	2	0.32308	0.00000	0.00000	0.64615	0.00000	0.00000	0.02567	0.00056	ACCC:5;GGCC:21
1633	NC_045979.1	27700677	Kattegat	2	1	0.00000	0.00000	0.00000	0.00000	0.00000	0.00000	0.00000	0.00000	CC:2
1633	NC_045979.1	27700677	Aquarium	22	1	0.00000	0.00000	0.00000	0.00000	0.00000	0.00000	0.00000	0.00000	CC:22
1635	NC_045979.1	27921131	Aquarium	12	1	0.00000	0.00000	0.00000	0.00000	0.00000	0.00000	0.00000	0.00000	AGC:12
1645	NC_045980.1	2331981	Skagerrak	22	4	0.64069	0.00000	0.00000	2.28571	0.00000	0.00000	0.00000	0.00000	GCAGAGGGG:2;GCCGAGGGG:6;GTCGGATTG:2;GTCGGGTTG:12
1645	NC_045980.1	2331981	Kattegat	2	1	0.00000	0.00000	0.00000	0.00000	0.00000	0.00000	0.00000	0.00000	GTCGGGTGG:2
1645	NC_045980.1	2331981	Aquarium	12	1	0.00000	0.00000	0.00000	0.00000	0.00000	0.00000	0.00000	0.00000	GTCGGGTTG:12
1646	NC_045980.1	2511622	Kattegat	2	1	0.00000	0.00000	0.00000	0.00000	0.00000	0.00000	0.00000	0.00000	TCAGATAC:2
1690	NC_045981.1	6076958	Aquarium	20	1	0.00000	0.00000	0.00000	0.00000	0.00000	0.00000	0.00000	0.00000	CGGCAGC:20
1710	NC_045981.1	21724163	Skagerrak	30	2	0.12874	0.00000	0.00000	0.12874	0.00000	0.00000	0.03512	0.00086	ACC:28;ACT:2
1710	NC_045981.1	21724163	Kattegat	2	1	0.00000	0.00000	0.00000	0.00000	0.00000	0.00000	0.00000	0.00000	ACC:2
1710	NC_045981.1	21724163	Aquarium	20	1	0.00000	0.00000	0.00000	0.00000	0.00000	0.00000	0.00000	0.00000	ACC:20
1711	NC_045981.1	21806170	Skagerrak	24	4	0.57609	0.00000	0.00000	2.46014	0.00000	0.00000	0.00001	0.00001	CTCTTCACAATC:1;GCATGCAAAGTC:4;GTCTTCACAATC:15;GTCTTCGAAGGC:4
1711	NC_045981.1	21806170	Aquarium	26	4	0.59077	0.00000	0.00000	2.70769	0.00000	0.00000	0.00275	0.00048	GCATGCAAAGTC:4;GCCTGTAAAGTC:4;GTCTTCACAATC:16;GTCTTCGAAGGC:2
1717	NC_045981.1	27382893	Skagerrak	24	5	0.66667	0.00000	0.00000	4.91667	0.00000	0.00000	0.00000	0.00000	AGGGGCGGGATTAG:1;AGGGGCGGGGTTAG:1;GAAAGCAGAATATC:11;GAAGACGAAGTTTG:2;GAAGATGAAGTTTG:9
1717	NC_045981.1	27382893	Kattegat	2	1	0.00000	0.00000	0.00000	0.00000	0.00000	0.00000	0.00000	0.00000	GAAAGCAGAATATC:2
1717	NC_045981.1	27382893	Aquarium	28	3	0.46296	0.00000	0.00000	1.81217	0.00000	0.00000	0.00010	0.00004	GAAAGCAGAATATC:3;GAAGATGAAGTTTG:20;GAAGATGGAGTTTG:5
1734	NC_045981.1	36912157	North_Sea	66	2	0.14219	0.00000	0.00000	0.14219	0.00000	0.00000	0.00351	0.00027	GC:5;GG:61
1734	NC_045981.1	36912157	Skagerrak	32	2	0.12097	0.00000	0.00000	0.12097	0.00000	0.00000	0.03311	0.00053	GC:2;GG:30
1734	NC_045981.1	36912157	Kattegat	2	1	0.00000	0.00000	0.00000	0.00000	0.00000	0.00000	0.00000	0.00000	GG:2
1734	NC_045981.1	36912157	Aquarium	24	2	0.08333	0.00000	0.00000	0.08333	0.00000	0.00000	1.00000	0.00000	AG:1;GG:23
1750	NC_045982.1	14793754	Kattegat	2	1	0.00000	0.00000	0.00000	0.00000	0.00000	0.00000	0.00000	0.00000	TCGCTT:2
1750	NC_045982.1	14793754	Aquarium	20	3	0.68947	0.00000	0.00000	1.83158	0.00000	0.00000	0.00456	0.00044	ACACCG:5;ACGCCG:8;TCGCTT:7
1752	NC_045982.1	19329712	Skagerrak	24	2	0.46377	0.00000	0.00000	1.39130	0.00000	0.00000	0.04184	0.00064	GGA:8;TAG:16
1752	NC_045982.1	19329712	Aquarium	24	2	0.34420	0.00000	0.00000	1.03261	0.00000	0.00000	0.03101	0.00067	GGA:5;TAG:19
1759	NC_045982.1	23906648	Skagerrak	30	6	0.79310	0.00000	0.00000	2.08276	0.00000	0.00000	0.00000	0.00000	CCCACACGCAG:2;CCCACTCGCAA:5;CCCACTCGCAG:10;CCCACTTGCAG:8;CCCTCTCGCAG:1;TTCATTCGGGG:4
1759	NC_045982.1	23906648	Kattegat	2	1	0.00000	0.00000	0.00000	0.00000	0.00000	0.00000	0.00000	0.00000	CCCACTCGCAG:2
1759	NC_045982.1	23906648	Aquarium	12	2	0.48485	0.00000	0.00000	0.48485	0.00000	0.00000	0.03006	0.00087	CCCACTCGCAA:4;CCCACTCGCAG:8
1783	NC_045983.1	13658548	North_Sea	88	5	0.58542	0.00000	0.00000	0.77586	0.00000	0.00000	0.00000	0.00000	ATATCG:4;GCATCA:10;GCATCG:21;GTATCG:52;GTATTG:1
1783	NC_045983.1	13658548	Skagerrak	38	3	0.36415	0.00000	0.00000	0.92176	0.00000	0.00000	0.00080	0.00017	ACGGCG:4;GCATCG:4;GTATCG:30
1783	NC_045983.1	13658548	Kattegat	2	1	0.00000	0.00000	0.00000	0.00000	0.00000	0.00000	0.00000	0.00000	GTATCG:2
1783	NC_045983.1	13658548	Aquarium	30	2	0.45977	0.00000	0.00000	0.45977	0.00000	0.00000	0.11205	0.00105	GCATCG:10;GTATCG:20
1797	NC_045983.1	20205624	Skagerrak	4	2	0.66667	0.00000	0.00000	4.66667	0.00000	0.00000	0.33610	0.00139	ATACACATACGTTATG:2;ATATTCGTACGCGCGG:2
1802	NC_045983.1	29909317	Kattegat	2	1	0.00000	0.00000	0.00000	0.00000	0.00000	0.00000	0.00000	0.00000	T:2
1802	NC_045983.1	29909317	Aquarium	28	2	0.30423	0.00000	0.00000	0.30423	0.00000	0.00000	0.02259	0.00065	C:5;T:23
1822	NC_045984.1	10925322	Skagerrak	14	3	0.38462	0.00000	0.00000	1.82418	0.00000	0.00000	0.00000	0.00000	AAGGGTCAT:1;ACGGGTCAC:11;GACAGACTC:2
1822	NC_045984.1	10925322	Kattegat	2	1	0.00000	0.00000	0.00000	0.00000	0.00000	0.00000	0.00000	0.00000	AAGGGTCAT:2
1822	NC_045984.1	10925322	Aquarium	22	3	0.64502	0.00000	0.00000	0.97835	0.00000	0.00000	0.00000	0.00000	AAGGATCAC:7;AAGGGTCAC:4;ACGGGTCAC:11
1825	NC_045984.1	12559011	Skagerrak	32	3	0.28024	0.00000	0.00000	1.19153	0.00000	0.00000	0.00264	0.00038	ATACAC:4;GCGAGA:1;GTGAGA:27
1825	NC_045984.1	12559011	Kattegat	2	1	0.00000	0.00000	0.00000	0.00000	0.00000	0.00000	0.00000	0.00000	GTGAGA:2
1825	NC_045984.1	12559011	Aquarium	24	2	0.08333	0.00000	0.00000	0.08333	0.00000	0.00000	1.00000	0.00000	GCGAGA:1;GTGAGA:23
1827	NC_045984.1	13582493	Kattegat	2	1	0.00000	0.00000	0.00000	0.00000	0.00000	0.00000	0.00000	0.00000	TCTGCA:2
1827	NC_045984.1	13582493	Aquarium	18	3	0.30719	0.00000	0.00000	0.50327	0.00000	0.00000	0.17331	0.00318	GCGGCA:2;TCGGCA:1;TCTGCA:15
1844	NC_045984.1	25032221	North_Sea	58	5	0.41379	0.00000	0.00000	0.45493	0.00000	0.00000	0.00000	0.00000	GCCCC:2;GGCCC:44;GGCCG:2;GGCTC:6;GGTCC:4
1844	NC_045984.1	25032221	Skagerrak	26	5	0.56000	0.00000	0.00000	0.64923	0.00000	0.00000	0.00686	0.00145	AGCCC:2;GGCCC:17;GGCCG:1;GGCTC:3;GGTCC:3
1844	NC_045984.1	25032221	Kattegat	2	1	0.00000	0.00000	0.00000	0.00000	0.00000	0.00000	0.00000	0.00000	GGCCC:2
1844	NC_045984.1	25032221	Aquarium	30	3	0.42069	0.00000	0.00000	0.43678	0.00000	0.00000	0.22014	0.00496	AGCCC:1;GGCCC:22;GGCTC:7
1869	NC_045986.1	3321669	Kattegat	2	1	0.00000	0.00000	0.00000	0.00000	0.00000	0.00000	0.00000	0.00000	GGCC:2
1869	NC_045986.1	3321669	Aquarium	18	3	0.56863	0.00000	0.00000	1.02614	0.00000	0.00000	0.02991	0.00141	GCCC:1;GCCT:7;GGCC:10
1887	NC_045986.1	15713795	North_Sea	50	7	0.78122	0.00000	0.00000	1.42122	0.00000	0.00000	0.00000	0.00000	ACGGCGTATAGCGC:2;ACGGCGTATGGCAC:19;ACGGCGTATGGCGC:11;ACGGCGTGTGGCGC:4;ACGGCTTGTGGCGC:2;ACGGGGTATGGCGC:4;ACGGGGTGTGGCGC:8
1887	NC_045986.1	15713795	Skagerrak	38	8	0.74964	0.00000	0.00000	3.41963	0.00000	0.00000	0.00849	0.00149	ACAGCGTATGGCAC:1;ACGGCGTATAGCGC:1;ACGGCGTATGGCAC:17;ACGGCGTATGGCGC:5;ACGGCGTGTGGCGC:1;ACGGGGTATGGCGC:1;ACGGGGTGTGGCGC:6;TTGACGCAGGAGGT:6
1887	NC_045986.1	15713795	Kattegat	2	1	0.00000	0.00000	0.00000	0.00000	0.00000	0.00000	0.00000	0.00000	ACGGCGTATGGCGC:2
1887	NC_045986.1	15713795	Aquarium	30	5	0.66897	0.00000	0.00000	1.42989	0.00000	0.00000	0.77954	0.00506	ACGGCGTATAGCGC:9;ACGGCGTATGGCAC:15;ACGGCGTGTGGCGC:2;ACGGGGTATGGCGC:2;ACGGGGTGTGGCGC:2
1892	NC_045986.1	17672857	Aquarium	16	1	0.00000	0.00000	0.00000	0.00000	0.00000	0.00000	0.00000	0.00000	T:16
1925	NC_045987.1	6339981	Skagerrak	28	5	0.74868	0.00000	0.00000	3.09259	0.00000	0.00000	0.00000	0.00000	CACCCTCTTG:2;CACCTTCTTG:8;CACCTTTCTA:2;CACTTTTCTA:5;GATCTACTTG:11
1925	NC_045987.1	6339981	Aquarium	26	3	0.56615	0.00000	0.00000	2.19077	0.00000	0.00000	0.02046	0.00090	CACCTTCTTG:16;CACTTTTCTA:4;GATCTACTTG:6
1930	NC_045987.1	9507781	Skagerrak	20	2	0.18947	0.00000	0.00000	0.75789	0.00000	0.00000	0.05321	0.00073	ACCCG:18;GTTGG:2
1930	NC_045987.1	9507781	Kattegat	2	1	0.00000	0.00000	0.00000	0.00000	0.00000	0.00000	0.00000	0.00000	ACCCG:2
1930	NC_045987.1	9507781	Aquarium	22	1	0.00000	0.00000	0.00000	0.00000	0.00000	0.00000	0.00000	0.00000	ACCCG:22
1950	NC_045987.1	22705169	North_Sea	40	2	0.05000	0.00000	0.00000	0.05000	0.00000	0.00000	1.00000	0.00000	A:39;T:1
1950	NC_045987.1	22705169	Skagerrak	24	1	0.00000	0.00000	0.00000	0.00000	0.00000	0.00000	0.00000	0.00000	A:24
1950	NC_045987.1	22705169	Aquarium	30	1	0.00000	0.00000	0.00000	0.00000	0.00000	0.00000	0.00000	0.00000	A:30
1960	NC_045988.1	3937953	Skagerrak	20	1	0.00000	0.00000	0.00000	0.00000	0.00000	0.00000	0.00000	0.00000	A:20
1960	NC_045988.1	3937953	Aquarium	18	1	0.00000	0.00000	0.00000	0.00000	0.00000	0.00000	0.00000	0.00000	A:18
1961	NC_045988.1	4176617	Skagerrak	20	2	0.18947	0.00000	0.00000	0.18947	0.00000	0.00000	0.05143	0.00100	GC:18;GT:2
1961	NC_045988.1	4176617	Kattegat	2	1	0.00000	0.00000	0.00000	0.00000	0.00000	0.00000	0.00000	0.00000	GC:2
1961	NC_045988.1	4176617	Aquarium	22	1	0.00000	0.00000	0.00000	0.00000	0.00000	0.00000	0.00000	0.00000	GC:22
1966	NC_045988.1	9155512	North_Sea	58	10	0.76588	0.00000	0.00000	1.58258	0.00000	0.00000	0.00000	0.00000	ACACGATACCGA:1;ACACGATACTGA:22;ACGCAAAACTAA:1;ACGCGATACTGA:16;ACGCGATACTGG:8;ACGCGGTATTGG:1;ACGTAATACTGA:1;ACGTGATACTAA:2;ATGCGATACTAA:4;CTGCGATACTAA:2
1966	NC_045988.1	9155512	Skagerrak	34	6	0.79323	0.00000	0.00000	1.99643	0.00000	0.00000	0.00000	0.00000	ACACGATACTGA:13;ACGCGATACTGA:4;ACGCGATACTGG:6;ACGCGATCCTAA:4;ACGCGGTACTGG:2;ACGCGGTATTGG:5
1966	NC_045988.1	9155512	Kattegat	2	1	0.00000	0.00000	0.00000	0.00000	0.00000	0.00000	0.00000	0.00000	ACGCGATACTGA:2
1966	NC_045988.1	9155512	Aquarium	26	4	0.69846	0.00000	0.00000	1.22154	0.00000	0.00000	0.00072	0.00026	ACACGATACTGA:12;ACGCGATACTGA:7;ACGCGATACTGG:5;ACGCGGTATTGG:2
1969	NC_045988.1	10439376	Aquarium	14	1	0.00000	0.00000	0.00000	0.00000	0.00000	0.00000	0.00000	0.00000	CA:14
1973	NC_045988.1	12385554	Skagerrak	26	1	0.00000	0.00000	0.00000	0.00000	0.00000	0.00000	0.00000	0.00000	C:26
1973	NC_045988.1	12385554	Aquarium	18	1	0.00000	0.00000	0.00000	0.00000	0.00000	0.00000	0.00000	0.00000	C:18
1978	NC_045988.1	21982407	North_Sea	50	10	0.58531	0.00000	0.00000	1.18612	0.00000	0.00000	0.00000	0.00000	CGAATGGGCCGT:2;CGAGCAGACCGT:1;CGAGCGGACCGT:2;CGAGCGGGCAGT:32;CGAGCGGGCCAT:2;CGAGCGGGCCGT:4;CGAGCGGGTAGT:2;CGAGCGTGCAGT:2;CTAGCGGGCAGT:2;TGTGTGGACCAT:1
1978	NC_045988.1	21982407	Skagerrak	30	5	0.30805	0.00000	0.00000	0.32874	0.00000	0.00000	0.01500	0.00229	CGAGCGGGCAGC:1;CGAGCGGGCAGT:25;CGAGCGGGCCGT:1;CGAGCGGGTAGT:1;CTAGCGGGCAGT:2
1978	NC_045988.1	21982407	Kattegat	2	1	0.00000	0.00000	0.00000	0.00000	0.00000	0.00000	0.00000	0.00000	CGAGCGGGCAGT:2
1978	NC_045988.1	21982407	Aquarium	26	2	0.21231	0.00000	0.00000	0.21231	0.00000	0.00000	0.11953	0.00119	CGAGCGGGCAGT:23;CGAGCGGGTAGT:3
1983	NC_045989.1	1617946	Aquarium	12	1	0.00000	0.00000	0.00000	0.00000	0.00000	0.00000	0.00000	0.00000	T:12
1990	NC_045989.1	8853562	Kattegat	2	1	0.00000	0.00000	0.00000	0.00000	0.00000	0.00000	0.00000	0.00000	TAAGG:2
1994	NC_045989.1	12591744	Skagerrak	22	4	0.64502	0.00000	0.00000	0.87879	0.00000	0.00000	0.11081	0.00395	CTTCAA:1;TGTCCA:9;TGTTCA:2;TTTCCA:10
1994	NC_045989.1	12591744	Aquarium	24	5	0.63406	0.00000	0.00000	1.09058	0.00000	0.00000	0.03103	0.00286	CTTCAA:3;TGTCCA:4;TGTTCA:2;TTCCCA:1;TTTCCA:14
1998	NC_045989.1	15443467	Skagerrak	26	3	0.54154	0.00000	0.00000	2.36308	0.00000	0.00000	0.00248	0.00031	AATGAGAACT:16;GAAGGGAACT:8;GTAGGATGTC:2
1998	NC_045989.1	15443467	Kattegat	2	1	0.00000	0.00000	0.00000	0.00000	0.00000	0.00000	0.00000	0.00000	AATGAGAACT:2
1998	NC_045989.1	15443467	Aquarium	12	3	0.54545	0.00000	0.00000	1.75758	0.00000	0.00000	0.01003	0.00095	AATAAGAACT:2;AATGAGAACT:2;GAAGGGAACT:8
2056	NC_045992.1	7138994	Aquarium	12	1	0.00000	0.00000	0.00000	0.00000	0.00000	0.00000	0.00000	0.00000	GGCCCCAACCA:12
2064	NC_045992.1	10101944	Skagerrak	16	1	0.00000	0.00000	0.00000	0.00000	0.00000	0.00000	0.00000	0.00000	GT:16
2064	NC_045992.1	10101944	Aquarium	20	1	0.00000	0.00000	0.00000	0.00000	0.00000	0.00000	0.00000	0.00000	GT:20
2066	NC_045992.1	11679358	Skagerrak	34	2	0.21390	0.00000	0.00000	0.64171	0.00000	0.00000	0.00275	0.00021	ACGTT:4;GCCGT:30
2066	NC_045992.1	11679358	Kattegat	2	1	0.00000	0.00000	0.00000	0.00000	0.00000	0.00000	0.00000	0.00000	GCCGT:2
2066	NC_045992.1	11679358	Aquarium	28	2	0.13757	0.00000	0.00000	0.13757	0.00000	0.00000	0.03782	0.00072	GCCGT:26;GGCGT:2
2071	NC_045992.1	17603329	North_Sea	54	5	0.43885	0.00000	0.00000	0.69881	0.00000	0.00000	0.00000	0.00000	GCCGAA:40;GCCGAC:6;GCCGGC:4;GCCTAA:2;GCTGGC:2
2071	NC_045992.1	17603329	Skagerrak	24	2	0.15942	0.00000	0.00000	0.31884	0.00000	0.00000	0.00000	0.00000	GCCGAA:22;GCCGGC:2
2071	NC_045992.1	17603329	Kattegat	2	1	0.00000	0.00000	0.00000	0.00000	0.00000	0.00000	0.00000	0.00000	GCCGAA:2
2071	NC_045992.1	17603329	Aquarium	34	4	0.27273	0.00000	0.00000	0.40107	0.00000	0.00000	0.98279	0.01721	CCCGAA:1;GCCGAA:29;GCCGGC:2;GTCGAA:2
2106	NC_045994.1	1039960	North_Sea	46	6	0.58164	0.00000	0.00000	1.69469	0.00000	0.00000	0.00000	0.00000	AACAACTCCCA:3;AGCAACTCCCA:1;AGCAACTTCCA:4;AGCACACCCCA:3;AGCACATCCCA:29;AGTACATCCAT:6
2106	NC_045994.1	1039960	Skagerrak	32	2	0.31452	0.00000	0.00000	1.25806	0.00000	0.00000	0.00078	0.00013	AGCACATCCCA:26;GGTGCATCGCA:6
2106	NC_045994.1	1039960	Kattegat	2	1	0.00000	0.00000	0.00000	0.00000	0.00000	0.00000	0.00000	0.00000	AGCACATCCCA:2
2106	NC_045994.1	1039960	Aquarium	28	2	0.19841	0.00000	0.00000	0.19841	0.00000	0.00000	0.11004	0.00086	AGCACACCCCA:3;AGCACATCCCA:25
2113	NC_045994.1	8320647	North_Sea	52	11	0.84766	0.00000	0.00000	1.87858	0.00000	0.00000	0.00000	0.00000	AAAGCAGCCCCAGT:1;AAGGAAGCCCCAGT:2;AAGGAAGGCCCAGT:6;AAGGAAGGCCTAGT:2;AAGGCAGCCCCAAT:3;AAGGCAGCCCCAGA:12;AAGGCAGCCCCAGT:15;AAGGCAGGCCCAGT:2;AAGGCGGCCCCAGT:4;AGGTCAGCCCCAGA:2;TGGGCAGCCCCGGT:3
2113	NC_045994.1	8320647	Skagerrak	28	6	0.74074	0.00000	0.00000	1.92857	0.00000	0.00000	0.00015	0.00014	AAGGAAGGCCCAGT:4;AAGGAAGGGCCAGT:1;AAGGCAGCCCCAAT:2;AAGGCAGCCCCAGA:13;AAGGCAGCCCCAGT:5;TGGGCAGCCCCGGT:3
2113	NC_045994.1	8320647	Kattegat	2	2	1.00000	0.00000	0.00000	3.00000	0.00000	0.00000	1.00000	0.00000	AAGGAAGGCCCAGT:1;AGGGCAGCCCCAGT:1
2113	NC_045994.1	8320647	Aquarium	24	6	0.79710	0.00000	0.00000	1.80435	0.00000	0.00000	0.00410	0.00068	AAGGAAGCCCCAGT:3;AAGGAAGGCCCAGT:9;AAGGCAACCCCAGT:1;AAGGCAGCCCCAGA:4;AAGGCAGCCCCAGT:5;AGGTCAGCCCCAGA:2
2138	NC_045996.1	13270043	Skagerrak	20	3	0.27895	0.00000	0.00000	0.28947	0.00000	0.00000	0.02173	0.00122	CAAG:1;CGAG:17;TGAG:2
2138	NC_045996.1	13270043	Kattegat	2	1	0.00000	0.00000	0.00000	0.00000	0.00000	0.00000	0.00000	0.00000	CGAG:2
2138	NC_045996.1	13270043	Aquarium	20	1	0.00000	0.00000	0.00000	0.00000	0.00000	0.00000	0.00000	0.00000	CGAG:20
2140	NC_045996.1	14772406	North_Sea	46	5	0.34879	0.00000	0.00000	0.60000	0.00000	0.00000	0.00000	0.00000	AGCC:1;GACC:2;GACT:2;GGCC:37;GGTT:4
2140	NC_045996.1	14772406	Skagerrak	30	1	0.00000	0.00000	0.00000	0.00000	0.00000	0.00000	0.00000	0.00000	GGCC:30
2140	NC_045996.1	14772406	Kattegat	2	1	0.00000	0.00000	0.00000	0.00000	0.00000	0.00000	0.00000	0.00000	GGCC:2
2140	NC_045996.1	14772406	Aquarium	28	1	0.00000	0.00000	0.00000	0.00000	0.00000	0.00000	0.00000	0.00000	GGCC:28
